components,eigenvalues
1,0.0931642559802022
2,0.0701332678538637
3,0.0648534065318264
4,0.0593286258653467
5,0.0554054606786924
6,0.0450713697283941
7,0.0405321099280058
8,0.0389977209549879
9,0.0345491425755653
10,1.52655665885959e-16
