"components","eigenvalues"
1,0.0209129951864564
2,0.0140133509046478
3,0.0115033346489514
4,0.0106087055083996
5,0.00853526006921454
6,0.00756918217051621
7,0.00688658191083799
8,0.00629200204214655
9,0.00599643504987429
10,0.00579413429515884
