"components","eigenvalues"
1,0.0202229105308166
2,0.0142636457932539
3,0.0110335471003949
4,0.00916711699657063
5,0.00784966870409286
6,0.00671315173837945
7,0.00659317436451107
8,0.00572034564563013
9,0.00555361218965963
10,0.00536805812437286
