"components","eigenvalues"
1,0.0179090876784751
2,0.0130785787925157
3,0.0115297290291261
4,0.00760058589622034
5,0.0072311560121856
6,0.0059440850689557
7,0.00589726805157693
