"components","eigenvalues"
1,0.0779140568358816
2,0.0159143887757257
3,0.00895062914747563
4,0.00848884697065041
5,0.00845891711925818
6,0.00633170070702992
7,0.00543400803176365
8,0.00470303055916625
9,0.00457656300611217
10,0.00431907389665583
