"components","eigenvalues"
1,0.0169015920251234
2,0.0143213908047125
3,0.00921438773579363
4,0.00841015437581815
5,0.00718729927229815
6,0.00692256415261355
7,0.00564415065518889
8,0.00529763201300506
9,0.00453626254342233
10,0.00449030717061064
